Salinidade	Regime	"Subcomitê
Sigla"	Subcomitê	Ponto	Oxigênio Dissolvido	Demanda Bioquímica de Oxigênio	Nitrogênio Amoniacal	Nitrato	Fósforo Total	Coliformes Termotolerantes	Classe final (P.80)
Doce	Lótico	LE	Subcomitê Leste	AN738	Classe 4	Classe 4	Classe 4	Classe 4	Classe 4	Classe 4	Classe 4
Doce	Lótico	LE	Subcomitê Leste	AN740	Ac. Classe 4	Classe 4	Classe 4	Classe 4	Classe 4	Classe 4	Classe 4
Doce	Lótico	LE	Subcomitê Leste	AN741	Ac. Classe 4	Classe 4	Classe 3	Classe 1	Classe 4	Classe 4	Classe 4
Doce	Lótico	LE	Subcomitê Leste	AN750	Classe 4	Classe 4	Classe 4	Classe 1	Classe 4	Classe 4	Classe 4
Doce	Lótico	LE	Subcomitê Leste	BM760	Ac. Classe 4	Classe 4	Classe 4	Classe 1	Classe 4	Classe 4	Classe 4
Doce	Lótico	LE	Subcomitê Leste	CC620	Classe 3	Classe 3	Classe 1	Classe 1	Classe 4	Classe 4	Classe 4
Doce	Lótico	LE	Subcomitê Leste	CC622	Ac. Classe 4	Classe 3	Classe 1	Classe 1	Classe 4	Classe 4	Classe 4
Doce	Lótico	LE	Subcomitê Leste	CC625	Classe 4	Classe 2	Classe 1	Classe 1	Classe 4	Classe 4	Classe 4
Doce	Lótico	LE	Subcomitê Leste	CC630	Classe 1	Classe 1	Classe 1	Classe 1	Classe 1	Classe 3	Classe 1
Doce	Lótico	LE	Subcomitê Leste	GP600	Classe 4	Classe 2	Classe 1	Classe 1	Classe 4	Classe 4	Classe 4
Doce	Lótico	LE	Subcomitê Leste	GP601	Classe 2	Classe 1	Classe 1	Classe 1	Classe 1	Classe 3	Classe 2
Doce	Lótico	LE	Subcomitê Leste	GX720	Classe 4	Classe 4	Classe 3	Classe 1	Classe 4	Classe 4	Classe 4
Doce	Lótico	LE	Subcomitê Leste	IB810	Ac. Classe 4	Classe 4	Classe 3	Classe 1	Classe 4	Classe 4	Classe 4
Doce	Lótico	LE	Subcomitê Leste	IR540	Ac. Classe 4	Classe 4	Classe 1	Classe 1	Classe 4	Classe 3	Classe 4
Doce	Lótico	LE	Subcomitê Leste	L1	Classe 2	Classe 3		Classe 1	Classe 1	Classe 2	Classe 2
Doce	Lótico	LE	Subcomitê Leste	L10	Classe 3	Classe 3		Classe 1	Classe 1	Classe 4	Classe 3
Doce	Lótico	LE	Subcomitê Leste	L11	Classe 3	Classe 3		Classe 1	Classe 1	Classe 4	Classe 3
Doce	Lótico	LE	Subcomitê Leste	L12	Classe 3	Classe 4		Classe 1	Classe 1	Classe 4	Classe 4
Doce	Lótico	LE	Subcomitê Leste	L13	Classe 2	Classe 3		Classe 1	Classe 1	Classe 3	Classe 3
Doce	Lótico	LE	Subcomitê Leste	L14	Classe 3	Classe 3		Classe 1	Classe 1	Classe 4	Classe 3
Doce	Lótico	LE	Subcomitê Leste	L15	Classe 2	Classe 3		Classe 1	Classe 1	Classe 2	Classe 2
Doce	Lótico	LE	Subcomitê Leste	L16	Classe 2	Classe 3		Classe 1	Classe 1	Classe 3	Classe 3
Doce	Lótico	LE	Subcomitê Leste	L17	Classe 2	Classe 3		Classe 1	Classe 1	Classe 3	Classe 3
Doce	Lótico	LE	Subcomitê Leste	L18	Classe 3	Classe 3		Classe 1	Classe 1	Classe 3	Classe 3
Doce	Lótico	LE	Subcomitê Leste	L19	Classe 3	Classe 3		Classe 1	Classe 1	Classe 2	Classe 3
Doce	Lótico	LE	Subcomitê Leste	L2	Classe 2	Classe 3		Classe 1	Classe 1	Classe 4	Classe 3
Doce	Lótico	LE	Subcomitê Leste	L20	Classe 3	Classe 3		Classe 1	Classe 1	Classe 4	Classe 3
Doce	Lótico	LE	Subcomitê Leste	L21	Classe 4	Classe 4		Classe 1	Classe 4	Classe 4	Classe 4
Doce	Lótico	LE	Subcomitê Leste	L22	Classe 4	Classe 4		Classe 1	Classe 4	Classe 4	Classe 4
Doce	Lótico	LE	Subcomitê Leste	L23	Classe 4	Classe 4		Classe 1	Classe 4	Classe 4	Classe 4
Doce	Lótico	LE	Subcomitê Leste	L3	Classe 3	Classe 3		Classe 1	Classe 1	Classe 4	Classe 3
Doce	Lótico	LE	Subcomitê Leste	L4	Classe 3	Classe 3		Classe 1	Classe 1	Classe 4	Classe 3
Doce	Lótico	LE	Subcomitê Leste	L5	Classe 3	Classe 3		Classe 1	Classe 1	Classe 4	Classe 3
Doce	Lótico	LE	Subcomitê Leste	L6	Classe 4	Classe 4		Classe 1	Classe 1	Classe 4	Classe 4
Doce	Lótico	LE	Subcomitê Leste	L7	Classe 4	Classe 4		Classe 1	Classe 3	Classe 4	Classe 4
Doce	Lótico	LE	Subcomitê Leste	L8	Classe 4	Classe 4		Classe 1	Classe 4	Classe 4	Classe 4
Doce	Lótico	LE	Subcomitê Leste	L9	Classe 3	Classe 3		Classe 1	Classe 1	Classe 4	Classe 3
Doce	Lótico	LE	Subcomitê Leste	MC965	Classe 1	Classe 1	Classe 1	Classe 1	Classe 1	Classe 3	Classe 1
Doce	Lótico	LE	Subcomitê Leste	MC967	Classe 1	Classe 1	Classe 1	Classe 1	Classe 3	Classe 4	Classe 3
Doce	Lótico	LE	Subcomitê Leste	MG580	Ac. Classe 4	Classe 4	Classe 3	Classe 1	Classe 4	Classe 4	Classe 4
Doce	Lótico	LE	Subcomitê Leste	MT820	Ac. Classe 4	Classe 4	Classe 3	Classe 1	Classe 4	Classe 4	Classe 4
Doce	Lótico	LE	Subcomitê Leste	MT821	Ac. Classe 4	Classe 4	Classe 3	Classe 4	Classe 4	Classe 4	Classe 4
Doce	Lótico	LE	Subcomitê Leste	RN560	Classe 3	Classe 3	Classe 1	Classe 1	Classe 4	Classe 4	Classe 4
Doce	Lótico	LE	Subcomitê Leste	SB998	Classe 1	Classe 2	Classe 1	Classe 1	Classe 4	Classe 4	Classe 4
Doce	Lótico	LE	Subcomitê Leste	SR500	Classe 4	Classe 2	Classe 1	Classe 1	Classe 4	Classe 4	Classe 4
Doce	Lótico	OE	Subcomitê Oeste	AC240	Ac. Classe 4	Classe 4	Classe 4	Classe 1	Classe 4	Classe 4	Classe 4
Doce	Lótico	OE	Subcomitê Oeste	AC241	Ac. Classe 4	Classe 4	Classe 3	Classe 4	Classe 4	Classe 4	Classe 4
Doce	Lótico	OE	Subcomitê Oeste	BT100	Ac. Classe 4	Classe 4	Classe 4	Classe 1	Classe 4	Classe 4	Classe 4
Doce	Lótico	OE	Subcomitê Oeste	CB004	Ac. Classe 4	Classe 4	Classe 4	Classe 1	Classe 4	Classe 4	Classe 4
Doce	Lótico	OE	Subcomitê Oeste	CB005	Ac. Classe 4	Classe 4	Classe 4	Classe 1	Classe 4	Classe 4	Classe 4
Doce	Lótico	OE	Subcomitê Oeste	CH025	Ac. Classe 4	Classe 4	Classe 4	Classe 1	Classe 4	Classe 4	Classe 4
Doce	Lótico	OE	Subcomitê Oeste	CH088	Ac. Classe 4	Classe 4	Classe 3	Classe 1	Classe 4	Classe 4	Classe 4
Doce	Lótico	OE	Subcomitê Oeste	CM020	Ac. Classe 4	Classe 4	Classe 4	Classe 4	Classe 4	Classe 4	Classe 4
Doce	Lótico	OE	Subcomitê Oeste	CN100	Ac. Classe 4	Classe 4	Classe 3	Classe 1	Classe 4	Classe 4	Classe 4
Doce	Lótico	OE	Subcomitê Oeste	FR142	Ac. Classe 4	Classe 4	Classe 4	Classe 1	Classe 4	Classe 4	Classe 4
Salobra	Lêntico	OE	Subcomitê Oeste	GN050	Ac. Classe 3	SLE	Classe 3	Classe 1	Classe 3	Ac. Classe 3	Ac. Classe 3
Doce	Lótico	OE	Subcomitê Oeste	IA250	Classe 4	Classe 4	Classe 3	Classe 1	Classe 4	Classe 4	Classe 4
Doce	Lótico	OE	Subcomitê Oeste	IA260	Ac. Classe 4	Classe 4	Classe 3	Classe 1	Classe 4	Classe 4	Classe 4
Doce	Lótico	OE	Subcomitê Oeste	IJ200	Ac. Classe 4	Classe 4	Classe 3	Classe 1	Classe 4	Classe 4	Classe 4
Doce	Lótico	OE	Subcomitê Oeste	IN450	Ac. Classe 4	Classe 3	Classe 1	Classe 1	Classe 4	Classe 4	Classe 4
Doce	Lótico	OE	Subcomitê Oeste	IN460	Classe 4	Classe 3	Classe 1	Classe 1	Classe 4	Classe 4	Classe 4
Doce	Lótico	OE	Subcomitê Oeste	JN820	Ac. Classe 4	Classe 4	Classe 4	Classe 4	Classe 4	Classe 4	Classe 4
Doce	Lótico	OE	Subcomitê Oeste	MN000	Ac. Classe 4	Classe 4	Classe 3	Classe 1	Classe 4	Classe 4	Classe 4
Doce	Lótico	OE	Subcomitê Oeste	MN001	Ac. Classe 4	Classe 4	Classe 1	Classe 1	Classe 4	Classe 4	Classe 4
Doce	Lótico	OE	Subcomitê Oeste	MR040	Classe 4	Classe 4	Classe 3	Classe 4	Classe 4	Classe 4	Classe 4
Doce	Lótico	OE	Subcomitê Oeste	MR043	Ac. Classe 4	Classe 4	Classe 4	Classe 1	Classe 4	Classe 4	Classe 4
Doce	Lótico	OE	Subcomitê Oeste	O1	Classe 4	Classe 3		Classe 1	Classe 1	Classe 4	Classe 4
Doce	Lótico	OE	Subcomitê Oeste	O10	Classe 4	Classe 4		Classe 1	Classe 4	Classe 4	Classe 4
Doce	Lótico	OE	Subcomitê Oeste	O11	Ac. Classe 4	Classe 4		Classe 1	Classe 4	Classe 4	Classe 4
Doce	Lótico	OE	Subcomitê Oeste	O12	Ac. Classe 4	Classe 4		Classe 1	Classe 4	Classe 4	Classe 4
Doce	Lótico	OE	Subcomitê Oeste	O13	Ac. Classe 4	Classe 4		Classe 1	Classe 4	Classe 4	Classe 4
Doce	Lótico	OE	Subcomitê Oeste	O14	Ac. Classe 4	Classe 4		Classe 1	Classe 4	Classe 4	Classe 4
Doce	Lótico	OE	Subcomitê Oeste	O15	Ac. Classe 4	Classe 4		Classe 1	Classe 4	Classe 4	Classe 4
Doce	Lótico	OE	Subcomitê Oeste	O16	Ac. Classe 4	Classe 4		Classe 1	Classe 4	Classe 4	Classe 4
Doce	Lótico	OE	Subcomitê Oeste	O17	Ac. Classe 4	Classe 4		Classe 1	Classe 4	Classe 4	Classe 4
Doce	Lótico	OE	Subcomitê Oeste	O18	Ac. Classe 4	Classe 4		Classe 1	Classe 4	Classe 4	Classe 4
Doce	Lótico	OE	Subcomitê Oeste	O19	Ac. Classe 4	Classe 4		Classe 1	Classe 4	Classe 4	Classe 4
Doce	Lótico	OE	Subcomitê Oeste	O2	Classe 4	Classe 4		Classe 1	Classe 3	Classe 4	Classe 4
Doce	Lótico	OE	Subcomitê Oeste	O20	Ac. Classe 4	Classe 4		Classe 1	Classe 4	Classe 4	Classe 4
Doce	Lótico	OE	Subcomitê Oeste	O21	Ac. Classe 4	Classe 4		Classe 1	Classe 4	Classe 4	Classe 4
Doce	Lótico	OE	Subcomitê Oeste	O22	Classe 4	Classe 4		Classe 1	Classe 4	Classe 4	Classe 4
Salobra	Lótico	OE	Subcomitê Oeste	O23	Ac. Classe 3	SLE		Classe 3	Classe 3	Ac. Classe 3	Ac. Classe 3
Doce	Lótico	OE	Subcomitê Oeste	O23a	Classe 4	Classe 3		Classe 1	Classe 1	Classe 2	Classe 3
Doce	Lótico	OE	Subcomitê Oeste	O23b	Ac. Classe 4	Classe 4		Classe 1	Classe 4	Classe 4	Classe 4
Doce	Lótico	OE	Subcomitê Oeste	O3	Classe 4	Classe 4		Classe 1	Classe 4	Classe 4	Classe 4
Doce	Lótico	OE	Subcomitê Oeste	O4	Classe 3	Classe 3		Classe 1	Classe 1	Classe 4	Classe 3
Doce	Lótico	OE	Subcomitê Oeste	O5	Classe 4	Classe 4		Classe 1	Classe 4	Classe 4	Classe 4
Doce	Lótico	OE	Subcomitê Oeste	O6	Classe 4	Classe 4		Classe 1	Classe 4	Classe 4	Classe 4
Doce	Lótico	OE	Subcomitê Oeste	O7	Classe 3	Classe 3		Classe 1	Classe 1	Classe 4	Classe 3
Doce	Lótico	OE	Subcomitê Oeste	O8	Classe 4	Classe 4		Classe 1	Classe 1	Classe 4	Classe 4
Doce	Lótico	OE	Subcomitê Oeste	O9	Classe 4	Classe 4		Classe 1	Classe 1	Classe 4	Classe 4
Doce	Lótico	OE	Subcomitê Oeste	PN180	Ac. Classe 4	Classe 4	Classe 4	Classe 1	Classe 4	Classe 4	Classe 4
Doce	Lótico	OE	Subcomitê Oeste	PV981	Ac. Classe 4	Classe 4	Classe 3	Classe 4	Classe 4	Classe 4	Classe 4
Doce	Lótico	OE	Subcomitê Oeste	PV982	Ac. Classe 4	Classe 4	Classe 4	Classe 4	Classe 4	Classe 4	Classe 4
Doce	Lótico	OE	Subcomitê Oeste	SC420	Classe 4	Classe 4	Classe 1	Classe 1	Classe 4	Classe 4	Classe 4
Doce	Lótico	OE	Subcomitê Oeste	SJ200	Ac. Classe 4	Classe 4	Classe 3	Classe 1	Classe 4	Classe 4	Classe 4
Doce	Lótico	OE	Subcomitê Oeste	SP300	Ac. Classe 4	Classe 4	Classe 3	Classe 1	Classe 4	Classe 4	Classe 4
Doce	Lótico	OE	Subcomitê Oeste	SP305	Ac. Classe 4	Classe 4	Classe 3	Classe 1	Classe 4	Classe 4	Classe 4
Doce	Lótico	OE	Subcomitê Oeste	SP307	Ac. Classe 4	Classe 4	Classe 4	Classe 4	Classe 4	Classe 4	Classe 4
Doce	Lótico	OE	Subcomitê Oeste	SP313	Ac. Classe 4	Classe 4	Classe 3	Classe 4	Classe 4	Classe 4	Classe 4
Doce	Lótico	OE	Subcomitê Oeste	SR400	Classe 4	Classe 4	Classe 1	Classe 1	Classe 4	Classe 4	Classe 4
Doce	Lótico	OE	Subcomitê Oeste	TR060	Ac. Classe 4	Classe 4	Classe 4	Classe 1	Classe 4	Classe 4	Classe 4
Doce	Lótico	LRF	Subcomitê do Sistema Lagunar da Lagoa Rodrigo de Freitas	R1	Classe 3	Classe 3		Classe 1	Classe 1	Classe 3	Classe 3
Doce	Lótico	LRF	Subcomitê do Sistema Lagunar da Lagoa Rodrigo de Freitas	R10	Classe 3	Classe 4		Classe 1	Classe 3	Classe 4	Classe 4
Doce	Lótico	LRF	Subcomitê do Sistema Lagunar da Lagoa Rodrigo de Freitas	R11	Classe 4	Classe 4		Classe 1	Classe 4	Classe 4	Classe 4
Doce	Lótico	LRF	Subcomitê do Sistema Lagunar da Lagoa Rodrigo de Freitas	R12	Classe 4	Classe 4		Classe 1	Classe 4	Classe 4	Classe 4
Doce	Lótico	LRF	Subcomitê do Sistema Lagunar da Lagoa Rodrigo de Freitas	R13	Classe 4	Classe 4		Classe 1	Classe 4	Classe 4	Classe 4
Doce	Lótico	LRF	Subcomitê do Sistema Lagunar da Lagoa Rodrigo de Freitas	R2	Classe 3	Classe 3		Classe 1	Classe 1	Classe 4	Classe 3
Doce	Lótico	LRF	Subcomitê do Sistema Lagunar da Lagoa Rodrigo de Freitas	R3a	Classe 3	Classe 3		Classe 1	Classe 1	Classe 4	Classe 3
Doce	Lótico	LRF	Subcomitê do Sistema Lagunar da Lagoa Rodrigo de Freitas	R3b	Classe 4	Classe 4		Classe 1	Classe 4	Classe 4	Classe 4
Doce	Lótico	LRF	Subcomitê do Sistema Lagunar da Lagoa Rodrigo de Freitas	R4	Classe 3	Classe 3		Classe 1	Classe 1	Classe 4	Classe 3
Doce	Lótico	LRF	Subcomitê do Sistema Lagunar da Lagoa Rodrigo de Freitas	R5	Classe 4	Classe 3		Classe 1	Classe 1	Classe 4	Classe 4
Doce	Lótico	LRF	Subcomitê do Sistema Lagunar da Lagoa Rodrigo de Freitas	R6a	Classe 4	Classe 4		Classe 1	Classe 4	Classe 4	Classe 4
Doce	Lótico	LRF	Subcomitê do Sistema Lagunar da Lagoa Rodrigo de Freitas	R7	Classe 3	Classe 3		Classe 1	Classe 1	Classe 4	Classe 3
Doce	Lótico	LRF	Subcomitê do Sistema Lagunar da Lagoa Rodrigo de Freitas	R8	Classe 3	Classe 3		Classe 1	Classe 4	Classe 4	Classe 4
Doce	Lótico	LRF	Subcomitê do Sistema Lagunar da Lagoa Rodrigo de Freitas	R9a	Classe 4	Classe 4		Classe 1	Classe 4	Classe 4	Classe 4
Salobra	Lêntico	CLIP	Subcomitê do Sistema Lagunar de Itaipu e Piratininga	C1	Classe 2	SLE		Classe 2	Classe 3	Ac. Classe 3	Classe 3
Salobra	Lêntico	CLIP	Subcomitê do Sistema Lagunar de Itaipu e Piratininga	C10	Classe 2	SLE		Classe 1	Classe 3	Classe 1	Classe 2
Salobra	Lêntico	CLIP	Subcomitê do Sistema Lagunar de Itaipu e Piratininga	C11	Classe 2	SLE		Classe 1	Classe 3	Classe 2	Classe 2
Salobra	Lêntico	CLIP	Subcomitê do Sistema Lagunar de Itaipu e Piratininga	C12	Classe 2	SLE		Classe 1	Classe 3	Ac. Classe 3	Classe 3
Salobra	Lêntico	CLIP	Subcomitê do Sistema Lagunar de Itaipu e Piratininga	C2	Classe 2	SLE		Classe 2	Classe 3	Classe 3	Classe 3
Salobra	Lêntico	CLIP	Subcomitê do Sistema Lagunar de Itaipu e Piratininga	C3	Classe 2	SLE		Classe 2	Classe 3	Classe 3	Classe 3
Salobra	Lêntico	CLIP	Subcomitê do Sistema Lagunar de Itaipu e Piratininga	C4	Classe 2	SLE		Classe 2	Classe 3	Ac. Classe 3	Classe 3
Salobra	Lêntico	CLIP	Subcomitê do Sistema Lagunar de Itaipu e Piratininga	C5	Classe 2	SLE		Classe 2	Classe 3	Ac. Classe 3	Classe 3
Salobra	Lótico	CLIP	Subcomitê do Sistema Lagunar de Itaipu e Piratininga	C6	Classe 3	SLE		Classe 2	Classe 3	Ac. Classe 3	Classe 3
Salobra	Lêntico	CLIP	Subcomitê do Sistema Lagunar de Itaipu e Piratininga	C7	Classe 2	SLE		Classe 1	Classe 3	Classe 2	Classe 2
Salobra	Lêntico	CLIP	Subcomitê do Sistema Lagunar de Itaipu e Piratininga	C8	Classe 2	SLE		Classe 1	Classe 3	Classe 2	Classe 2
Salobra	Lêntico	CLIP	Subcomitê do Sistema Lagunar de Itaipu e Piratininga	C9	Classe 2	SLE		Classe 1	Classe 3	Classe 2	Classe 2
Doce	Lótico	CLIP	Subcomitê do Sistema Lagunar de Itaipu e Piratininga	IT003	Classe 2	Classe 4	Classe 3	Classe 1	Classe 4	Classe 3	Classe 4
Doce	Lótico	CLIP	Subcomitê do Sistema Lagunar de Itaipu e Piratininga	IT004	Classe 1	Classe 4	Classe 3	Classe 1	Classe 4	Classe 4	Classe 4
Doce	Lótico	CLIP	Subcomitê do Sistema Lagunar de Itaipu e Piratininga	JC200	Classe 4	Classe 4	Classe 3	Classe 1	Classe 4	Classe 4	Classe 4
Doce	Lótico	CLIP	Subcomitê do Sistema Lagunar de Itaipu e Piratininga	JM300	Classe 4	Classe 4	Classe 4	Classe 1	Classe 4	Classe 4	Classe 4
Salobra	Lêntico	CLIP	Subcomitê do Sistema Lagunar de Itaipu e Piratininga	PR000	Ac. Classe 3	SLE	Classe 3	Classe 1	Classe 3	Ac. Classe 3	Ac. Classe 3
Salobra	Lêntico	CLIP	Subcomitê do Sistema Lagunar de Itaipu e Piratininga	PR002	Ac. Classe 3	SLE	Classe 3	Classe 1	Classe 3	Ac. Classe 3	Ac. Classe 3
Salobra	Lêntico	CLIP	Subcomitê do Sistema Lagunar de Itaipu e Piratininga	PR003	Classe 2	SLE	Classe 2	Classe 1	Classe 3	Ac. Classe 3	Classe 3
Salobra	Lêntico	CLIP	Subcomitê do Sistema Lagunar de Itaipu e Piratininga	PR006	Classe 1	SLE	Classe 3	Classe 1	Classe 3	Classe 2	Classe 3
Salobra	Lêntico	CLIP	Subcomitê do Sistema Lagunar de Itaipu e Piratininga	PR007	Classe 3	SLE	Classe 3	Classe 1	Classe 3	Classe 2	Classe 3
Doce	Lótico	CLIP	Subcomitê do Sistema Lagunar de Itaipu e Piratininga	SA720	Ac. Classe 4	Classe 4	Classe 3	Classe 1	Classe 4	Classe 4	Classe 4
Doce	Lótico	CLIP	Subcomitê do Sistema Lagunar de Itaipu e Piratininga	VL350	Ac. Classe 4	Classe 4	Classe 4	Classe 1	Classe 4	Classe 4	Classe 4
Doce	Lótico	JPA	Subcomitê do Sistema Lagunar de Jacarepaguá	AN040	Ac. Classe 4	Classe 4	Classe 4	Classe 1	Classe 4	Classe 4	Classe 4
Doce	Lótico	JPA	Subcomitê do Sistema Lagunar de Jacarepaguá	CC000	Classe 1	Classe 3	Classe 1	Classe 1	Classe 4	Classe 4	Classe 4
Doce	Lótico	JPA	Subcomitê do Sistema Lagunar de Jacarepaguá	CM220	Classe 1	Classe 1	Classe 1	Classe 1	Classe 3	Classe 4	Classe 3
Salobra	Lêntico	JPA	Subcomitê do Sistema Lagunar de Jacarepaguá	CM320	Ac. Classe 3	SLE	Classe 3	Classe 1	Classe 3	Ac. Classe 3	Ac. Classe 3
Doce	Lótico	JPA	Subcomitê do Sistema Lagunar de Jacarepaguá	FN090	Ac. Classe 4	Classe 4	Classe 3	Classe 1	Classe 4	Classe 4	Classe 4
Doce	Lótico	JPA	Subcomitê do Sistema Lagunar de Jacarepaguá	FN100	Ac. Classe 4	Classe 4	Classe 4	Classe 1	Classe 4	Classe 4	Classe 4
Doce	Lótico	JPA	Subcomitê do Sistema Lagunar de Jacarepaguá	GN400	Ac. Classe 4	Classe 4	Classe 4	Classe 1	Classe 4	Classe 4	Classe 4
Doce	Lótico	JPA	Subcomitê do Sistema Lagunar de Jacarepaguá	GR140	Ac. Classe 4	Classe 4	Classe 4	Classe 1	Classe 4	Classe 4	Classe 4
Doce	Lótico	JPA	Subcomitê do Sistema Lagunar de Jacarepaguá	GR144	Classe 1	Classe 3	Classe 1	Classe 1	Classe 4	Classe 4	Classe 4
Doce	Lótico	JPA	Subcomitê do Sistema Lagunar de Jacarepaguá	J1	Classe 2	Classe 2		Classe 1	Classe 1	Classe 3	Classe 2
Doce	Lótico	JPA	Subcomitê do Sistema Lagunar de Jacarepaguá	J10	Ac. Classe 4	Classe 4		Classe 1	Classe 4	Classe 4	Classe 4
Doce	Lótico	JPA	Subcomitê do Sistema Lagunar de Jacarepaguá	J11	Ac. Classe 4	Classe 4		Classe 1	Classe 4	Classe 4	Classe 4
Doce	Lótico	JPA	Subcomitê do Sistema Lagunar de Jacarepaguá	J12	Classe 2	Classe 3		Classe 1	Classe 1	Classe 4	Classe 3
Doce	Lótico	JPA	Subcomitê do Sistema Lagunar de Jacarepaguá	J1a	Classe 2	Classe 3		Classe 1	Classe 1	Classe 4	Classe 3
Doce	Lótico	JPA	Subcomitê do Sistema Lagunar de Jacarepaguá	J2	Classe 2	Classe 3		Classe 1	Classe 1	Classe 4	Classe 3
Doce	Lótico	JPA	Subcomitê do Sistema Lagunar de Jacarepaguá	J3	Classe 3	Classe 4		Classe 1	Classe 3	Classe 4	Classe 4
Doce	Lótico	JPA	Subcomitê do Sistema Lagunar de Jacarepaguá	J4	Classe 4	Classe 4		Classe 1	Classe 4	Classe 4	Classe 4
Doce	Lótico	JPA	Subcomitê do Sistema Lagunar de Jacarepaguá	J5	Classe 4	Classe 4		Classe 1	Classe 4	Classe 4	Classe 4
Salobra	Lótico	JPA	Subcomitê do Sistema Lagunar de Jacarepaguá	J6	Classe 3	SLE		Classe 2	Classe 3	Ac. Classe 3	Classe 3
Salobra	Lótico	JPA	Subcomitê do Sistema Lagunar de Jacarepaguá	J7	Ac. Classe 3	SLE		Classe 1	Classe 3	Ac. Classe 3	Ac. Classe 3
Salobra	Lêntico	JPA	Subcomitê do Sistema Lagunar de Jacarepaguá	J8	Ac. Classe 3	SLE		Classe 1	Classe 3	Ac. Classe 3	Ac. Classe 3
Salobra	Lótico	JPA	Subcomitê do Sistema Lagunar de Jacarepaguá	J9	Ac. Classe 3	SLE		Classe 1	Classe 3	Ac. Classe 3	Ac. Classe 3
Salobra	Lêntico	JPA	Subcomitê do Sistema Lagunar de Jacarepaguá	JC342	Ac. Classe 3	SLE	Classe 3	Classe 1	Classe 3	Ac. Classe 3	Ac. Classe 3
Doce	Lótico	JPA	Subcomitê do Sistema Lagunar de Jacarepaguá	MN240	Ac. Classe 4	Classe 4	Classe 4	Classe 1	Classe 4	Classe 4	Classe 4
Salobra	Lêntico	JPA	Subcomitê do Sistema Lagunar de Jacarepaguá	MR361	Ac. Classe 3	SLE	Classe 3	Classe 1	Classe 3	Ac. Classe 3	Ac. Classe 3
Salobra	Lêntico	JPA	Subcomitê do Sistema Lagunar de Jacarepaguá	MR369	Classe 2	SLE	Classe 3	Classe 1	Classe 3	Classe 2	Classe 3
Doce	Lótico	JPA	Subcomitê do Sistema Lagunar de Jacarepaguá	PN480	Ac. Classe 4	Classe 4	Classe 4	Classe 1	Classe 4	Classe 4	Classe 4
Doce	Lótico	JPA	Subcomitê do Sistema Lagunar de Jacarepaguá	PV180	Ac. Classe 4	Classe 4	Classe 4	Classe 1	Classe 4	Classe 4	Classe 4
Doce	Lótico	JPA	Subcomitê do Sistema Lagunar de Jacarepaguá	RT020	Ac. Classe 4	Classe 4	Classe 4	Classe 1	Classe 4	Classe 4	Classe 4
Salobra	Lêntico	JPA	Subcomitê do Sistema Lagunar de Jacarepaguá	TJ303	Ac. Classe 3	SLE	Classe 3	Classe 1	Classe 3	Ac. Classe 3	Ac. Classe 3
Salobra	Lêntico	JPA	Subcomitê do Sistema Lagunar de Jacarepaguá	TJ306	Ac. Classe 3	SLE	Classe 3	Classe 1	Classe 3	Ac. Classe 3	Ac. Classe 3
Doce	Lótico	MG	Subcomitê do Sistema Lagunar Maricá-Guarapina	AM000	Ac. Classe 4	Classe 4	Classe 4	Classe 1	Classe 4	Classe 4	Classe 4
Doce	Lótico	MG	Subcomitê do Sistema Lagunar Maricá-Guarapina	BU010	Classe 3	Classe 4	Classe 4	Classe 1	Classe 4	Classe 4	Classe 4
Doce	Lótico	MG	Subcomitê do Sistema Lagunar Maricá-Guarapina	CI005	Ac. Classe 4	Classe 4	Classe 3	Classe 1	Classe 4	Classe 4	Classe 4
Doce	Lótico	MG	Subcomitê do Sistema Lagunar Maricá-Guarapina	CR040	Classe 1	Classe 3	Classe 1	Classe 1	Classe 4	Classe 4	Classe 4
Doce	Lótico	MG	Subcomitê do Sistema Lagunar Maricá-Guarapina	LU010	Classe 4	Classe 4	Classe 3	Classe 1	Classe 4	Classe 4	Classe 4
Doce	Lótico	MG	Subcomitê do Sistema Lagunar Maricá-Guarapina	M1	Classe 3	Classe 4		Classe 1	Classe 1	Classe 3	Classe 3
Doce	Lótico	MG	Subcomitê do Sistema Lagunar Maricá-Guarapina	M10	Classe 4	Classe 4		Classe 1	Classe 4	Classe 4	Classe 4
Doce	Lótico	MG	Subcomitê do Sistema Lagunar Maricá-Guarapina	M2	Classe 4	Classe 4		Classe 1	Classe 1	Classe 4	Classe 4
Salobra	Lótico	MG	Subcomitê do Sistema Lagunar Maricá-Guarapina	M3	Classe 3	SLE		Classe 1	Classe 1	Ac. Classe 3	Classe 3
Doce	Lótico	MG	Subcomitê do Sistema Lagunar Maricá-Guarapina	M4	Classe 3	Classe 4		Classe 1	Classe 4	Classe 4	Classe 4
Doce	Lótico	MG	Subcomitê do Sistema Lagunar Maricá-Guarapina	M5	Classe 4	Classe 4		Classe 1	Classe 4	Classe 4	Classe 4
Salobra	Lótico	MG	Subcomitê do Sistema Lagunar Maricá-Guarapina	M6	Ac. Classe 3	SLE		Classe 1	Classe 3	Ac. Classe 3	Ac. Classe 3
Salobra	Lêntico	MG	Subcomitê do Sistema Lagunar Maricá-Guarapina	M7	Classe 2	SLE		Classe 1	Classe 3	Classe 1	Classe 2
Salobra	Lótico	MG	Subcomitê do Sistema Lagunar Maricá-Guarapina	M8	Classe 3	SLE		Classe 2	Classe 3	Ac. Classe 3	Classe 3
Doce	Lótico	MG	Subcomitê do Sistema Lagunar Maricá-Guarapina	M9	Classe 4	Classe 4		Classe 1	Classe 4	Classe 4	Classe 4
Doce	Lótico	MG	Subcomitê do Sistema Lagunar Maricá-Guarapina	MM010	Ac. Classe 4	Classe 4	Classe 4	Classe 1	Classe 4	Classe 4	Classe 4
Salobra	Lêntico	LRF	Subcomitê Lagoa Rodrigo de Freitas	LRF3	Classe 1	SLE	Classe 1	Classe 1	Classe 1	Classe 1	Classe 1
Salobra	Lêntico	LRF	Subcomitê Lagoa Rodrigo de Freitas	LRF1	Classe 1	SLE	Classe 1	Classe 1	Classe 1	Classe 1	Classe 1
Salobra	Lêntico	LRF	Subcomitê Lagoa Rodrigo de Freitas	LRF2	Classe 1	SLE	Classe 1	Classe 1	Classe 1	Classe 1	Classe 1
Salobra	Lêntico	LRF	Subcomitê Lagoa Rodrigo de Freitas	LRF4	Classe 1	SLE	Classe 1	Classe 1	Classe 1	Classe 1	Classe 1
Salobra	Lêntico	LRF	Subcomitê Lagoa Rodrigo de Freitas	LRF6	Classe 2	SLE	Classe 1	Classe 1	Classe 1	Classe 1	Classe 1
Salobra	Lêntico	LRF	Subcomitê Lagoa Rodrigo de Freitas	LRF5	Classe 2	SLE	Classe 1	Classe 1	Classe 1	Classe 1	Classe 1
Doce	Lótico	LRF	Subcomitê Lagoa Rodrigo de Freitas	CJOQ1	Classe 4	Classe 1	Classe 1		Classe 1	Classe 4	Classe 4
Doce	Lótico	LRF	Subcomitê Lagoa Rodrigo de Freitas	CJOQ2	Classe 4	Classe 3	Classe 1		Classe 4	Classe 4	Classe 4
Doce	Lótico	LRF	Subcomitê Lagoa Rodrigo de Freitas	CJOQ3	Classe 4	Classe 2	Classe 1		Classe 4	Classe 4	Classe 4
Doce	Lótico	LRF	Subcomitê Lagoa Rodrigo de Freitas	RMAC1	Classe 2	Classe 1	Classe 1		Classe 1	Classe 4	Classe 2
Doce	Lótico	LRF	Subcomitê Lagoa Rodrigo de Freitas	RMAC2	Classe 2	Classe 1	Classe 1		Classe 1	Classe 4	Classe 2
Doce	Lótico	LRF	Subcomitê Lagoa Rodrigo de Freitas	RMAC7	Classe 1	Classe 1	Classe 1		Classe 1	Classe 2	Classe 1
Doce	Lótico	LRF	Subcomitê Lagoa Rodrigo de Freitas	RMAC6	Classe 1	Classe 1	Classe 1		Classe 1	Classe 3	Classe 1
Doce	Lótico	LRF	Subcomitê Lagoa Rodrigo de Freitas	RMAC5	Classe 1	Classe 1	Classe 1		Classe 1	Classe 4	Classe 2
Doce	Lótico	LRF	Subcomitê Lagoa Rodrigo de Freitas	RMAC4	Classe 1	Classe 1	Classe 1		Classe 3	Classe 4	Classe 3
Doce	Lótico	LRF	Subcomitê Lagoa Rodrigo de Freitas	RMAC3	Classe 2	Classe 3	Classe 1		Classe 3	Classe 4	Classe 3
Doce	Lótico	LRF	Subcomitê Lagoa Rodrigo de Freitas	RCAB1	Classe 3	Classe 1	Classe 1		Classe 1	Classe 4	Classe 3
Doce	Lótico	LRF	Subcomitê Lagoa Rodrigo de Freitas	RCAB2	Classe 1	Classe 2	Classe 1		Classe 4	Classe 4	Classe 4
Doce	Lótico	LRF	Subcomitê Lagoa Rodrigo de Freitas	RCAB3	Classe 1	Classe 1	Classe 1		Classe 1	Classe 3	Classe 1
Doce	Lótico	LRF	Subcomitê Lagoa Rodrigo de Freitas	RCAB4	Classe 1	Classe 2	Classe 1		Classe 3	Classe 4	Classe 3
Salobra	Lótico	LRF	Subcomitê Lagoa Rodrigo de Freitas	CGG1	Classe 2	SLE	Classe 2		Classe 1	Ac. Classe 3	Classe 3
Salobra	Lótico	LRF	Subcomitê Lagoa Rodrigo de Freitas	CJA1	Classe 3	SLE	Classe 2		Classe 1	Ac. Classe 3	Classe 3
